"PR_OID","PR_ID","PR_NAME","PR_RUNTYPE","PR_BZKIND","PR_TPKIND","PR_CMPFLFG","PR_TYPE","PR_SUBTYPE","PR_JOBNO","PR_OWNER","PR_PAUSEFG","PR_MAX","PR_DLOCK","PR_CMPPFG","PR_TXCODE","PR_DSCPT","PR_VAR1","PR_VAR2","PR_VAR3","STATUS","VERSN","CREATOR","CREATETIME","MODIFIER","LASTUPDATE","EIFM_FG"
PR-20250714-105540-782344,NCL_ADDF,DUE-IN_全行代理收款業務產生對帳單媒體,N,"4","1","1","3","303",BT001.DUEIN.I,ST1_1,N,,N,"2",BT001,DUEIN,子流程,,,"1",5,ST1_1,2025-07-14 10:55:40.516,admin,2025-09-03 18:39:14.952,W
PR-20250905-170508-685972,BIS_FCL010_H,外部代收取消上傳[FCL011],N,"2","1","1","3","304",BT001.G2017.I,admin,N,,N,"2",BT001,G2017,NCB,,,"1",1,admin,2025-09-05 17:05:08.068,admin,2025-09-05 17:07:16.822,N
PR-20250926-162711-097476,NCB_CLR_CTL,清除NCB_CTL&DTL紀錄,N,"1","1","1","3","301",BT105.SCHED.I,admin,N,,N,"2",BT105,SCHED,FSAP-BATCH,,,"1",1,hanna,2025-09-26 16:27:11.126,admin,2025-11-19 09:42:09.036,W
PR-20250808-155935-364070,NCL_FCL010,外部代收媒體上傳,N,"1","1","1","3","304",FSAP-BATCH,ST1_7,N,,N,"2",FSAP-BATCH,BATCH,子流程,,,"1",4,ST1_7,2025-08-08 15:59:35.852,admin,2025-09-30 16:37:12.713,W
PR-20240823-145641-998213,NIGHTBATCH,夜間批次作業,B,"3","1","1","3","302",C7500.C502.O,"106348",N,"1",N,"2",C7500,C502,FAS,,,"1",4,apple,2024-08-23 14:56:41.485,admin,2025-09-22 14:04:55.803,C
PR-20240930-102144-725894,FAS_TF000,NCL雙軌模式-初次資料轉換,N,"3","1","1","3","302",C7512.FILE.I,admin,N,"1",N,"2",C7512,FILE,,,,"1",3,ST1_4,2024-09-30 10:21:44.903,BT01,2025-03-17 09:48:54.649,W
PR-20250710-163158-340166,NCL_C076,每周三05:30代收環境部水汙染防治費解繳統計表,N,"1","1","1","3","301",FSAP-BATCH,ST1_7,N,,N,"2",FSAP-BATCH,BATCH,子流程,,,"1",2,ST1_7,2025-07-10 16:31:58.175,admin,2025-09-03 18:40:16.753,W
PR-20250808-152906-353955,NCL_FCL012,外部代收印上傳報表及傳檔,N,"1","1","1","3","302",FSAP-BATCH,ST1_7,N,,N,"2",FSAP-BATCH,BATCH,子流程,,,"1",2,st1_7,2025-08-08 15:29:06.977,admin,2025-09-03 18:44:39.547,W
PR-20250227-135328-307681,NCL_CLU02,維護代收比對檔,N,"2","1","1","3","304",C7512.FCL.I,"106348",N,,N,"2",C7512,FCL,FAS,,,"1",7,ST1_1,2025-02-27 13:53:28.646,admin,2025-09-03 18:42:31.620,W
PR-20250603-175423-398633,NCL_CLU03,維護代收比對檔,N,"2","1","1","3","304",C7512.FCL.I,ST1_1,N,,N,"2",C7512,FCL,FAS,,,"1",1,st1_1,2025-06-03 17:54:23.008,admin,2025-09-03 18:42:45.129,W
PR-20250225-150523-182737,NCL_CLU01,代收付主檔維護作業,N,"2","1","1","3","304",C7512.FCL.I,"106348",N,,N,"2",C7512,FCL,FAS,,,"1",6,ST1_2,2025-02-25 15:05:23.641,admin,2025-09-03 18:42:17.741,W
PR-20250313-160235-153834,PRUN_FILECHK,整批目錄檔案比對,B,"1","1","1","3","302",C7512.FILE.I,admin,N,"1",N,"2",C7512,FILE,FAS,,,"1",16,BT01,2025-03-13 16:02:35.746,admin,2025-09-24 11:00:11.805,W
PR-20260203-150209-922453,BIO_SY505,交易暫禁解禁後啟動BIO交易不明接續執行,N,"1","1","1","3","302",BT811.SY505.I,admin,N,,N,"2",BT811,SY505,FSAP-COMMON-SERVICE,,,"1",1,admin,2026-02-03 15:02:09.813,admin,2026-02-03 17:10:43.403,W
PR-20240923-113240-405374,FAS_TF001,NCL雙軌模式-資料比對及更新資料,B,"3","1","1","3","302",C7512.FILE.I,admin,N,"1",N,"2",C7512,FILE,FAS,,,"1",5,ST1_4,2024-09-23 11:32:40.224,ST1_1,2025-10-14 15:56:24.266,C
PR-20240930-145217-737972,BIS_G2019,BIS重新下載檔案,N,"2","1","1","3","304",BT001.BT208.I,"105706",N,,N,"2",BT001,BT208,NCB,,,"1",3,admin,2024-09-30 14:52:17.637,admin,2025-09-03 18:35:33.437,W
PR-20241127-155756-382463,FAS_TF002,NCL上傳主檔及代收比對檔至FAS,B,"3","1","1","3","302",C7512.FILE.I,admin,N,"1",N,"2",C7512,FILE,FAS,,,"1",4,ST1_1,2024-11-27 15:57:56.177,admin,2025-09-03 18:36:38.737,W
PR-20250610-183922-234157,PROD_FTP_TEST,正式環境FTP測試,N,"1","1","1","3","302",BT001.BT200.I,admin,N,,N,"2",BT001,BT200,FSAP-COMMON-SERVICE,,,"1",2,admin,2025-06-10 18:39:22.295,admin,2025-09-24 12:17:06.564,W
PR-20250714-164344-846416,NCL_REMAIL,DUE-IN_REMAIL,N,"4","1","1","3","303",BT001.DUEIN.I,ST1_1,N,,N,"2",BT001,DUEIN,NCL-BATCH,,,"1",1,ST1_1,2025-07-14 16:43:44.463,admin,2025-09-03 18:46:19.134,W
PR-20250714-093115-776381,NCL_CLU08,信義分行主辦票交所代收中華電信費FCS業務,N,"1","1","1","3","301",BT105.SCHED.I,ST1_7,N,,N,"2",BT105,SCHED,FSAP-BATCH,,,"1",2,st1_7,2025-07-14 09:31:15.165,st1_7,2025-10-17 17:56:04.770,W
PR-20250819-183623-805699,NCL_CLD03,代收付軋帳整批入帳,N,"2","1","1","3","304",FSAP-BATCH,admin,N,,N,"2",FSAP-BATCH,BATCH,子流程,,,"1",1,admin,2025-08-19 18:36:23.936,admin,2026-02-04 17:19:05.239,W
PR-20250905-170542-686066,BIS_FCL022_H,外部代收入帳後取消入帳[FCL024],N,"2","1","1","3","304",BT001.G2017.I,admin,N,,N,"2",BT001,G2017,NCB,,,"1",1,admin,2025-09-05 17:05:42.446,admin,2025-09-24 18:10:09.051,N
PR-20250424-141554-900346,NCL_CLD04,產生當日銷帳媒體檔,N,"1","1","1","3","301",BT105.SCHED.I,ST1_1,N,,N,"2",BT105,SCHED,FSAP-BATCH,,,"1",9,st1_1,2025-04-24 14:15:54.916,ST1_7,2025-11-03 16:13:06.586,W
PR-20250505-184108-494738,OL_COMP,FSAP連線timeout失敗補償,N,"1","1","1","3","302",BT001.BT200.I,admin,N,,N,"2",BT001,BT200,FSAP-COMMON-SERVICE,,,"1",2,BT01,2025-05-05 18:41:08.458,admin,2025-09-03 18:51:28.056,W
PR-20250516-121124-033440,UPDCLCMP,每個營業日夜間十點10分發動ATM保單借款FTP取檔以維護代收比對檔,B,"1","1","1","3","301",C7512.FILE.I,ST1_4,N,,N,"2",C7512,FILE,,,,"1",2,ST1_4,2025-05-16 12:11:24.409,ST1_1,2026-01-09 14:21:09.251,W
PR-20250814-173259-280705,NCL_FCL022H,外部代收入帳後取消入帳,N,"2","1","1","3","304",FSAP-BATCH,ST1_7,N,,N,"2",FSAP-BATCH,BATCH,子流程,,,"1",3,st1_1,2025-08-14 17:32:59.637,admin,2025-09-24 18:10:21.505,W
PR-20250529-102016-023066,FSAP_BIO_H,BIO重新執行/更正交易,N,"4","1","1","3","303",BT001.BT209.I,admin,N,,N,"2",BT001,BT209,NCB,,,"1",3,admin,2025-05-29 10:20:16.330,admin,2025-10-16 09:43:12.541,W
PR-20250926-162618-097461,NCB_CLR_TXREC,清除NCB_TXREC交易紀錄,N,"1","1","1","3","301",BT105.SCHED.I,admin,N,,N,"2",BT105,SCHED,,,,"1",2,hanna,2025-09-26 16:26:18.246,hanna,2025-09-26 16:33:12.800,W
PR-20260128-172021-175851,FSAP_BIO_CALDY,日曆日BIO,N,"1","1","1","3","301",BT105.SCHED.I,admin,N,,N,"2",BT105,SCHED,,,,"1",2,admin,2026-01-28 17:20:21.552,admin,2026-02-23 09:19:01.167,C
PR-20251014-152616-064421,TF001_CLDMR_SP,同步NCL_CLDMR,N,"1","1","1","3","302",FSAP-BATCH,ST1_1,N,,N,"2",FSAP-BATCH,BATCH,子流程,,,"1",1,ST1_1,2025-10-14 15:26:16.957,ST1_1,2025-10-14 15:26:46.829,W
PR-20240905-172149-563584,BIS_G2017,新共用整批上傳,N,"2","1","1","3","304",BT001.G2017.I,"105706",N,,N,"2",BT001,G2017,NCB,,,"1",3,kent,2024-09-05 17:21:49.134,admin,2025-09-03 18:35:16.616,W
PR-20250808-152719-353860,NCL_FCL022,外部代收印入帳報表、入帳,N,"1","1","1","3","302",FSAP-BATCH,ST1_7,N,,N,"2",FSAP-BATCH,BATCH,子流程,,,"1",3,st1_7,2025-08-08 15:27:19.060,st1_7,2025-09-25 11:45:43.311,W
PR-20250730-110730-912783,NCL_CLU10,產生檢核表,N,"2","1","1","3","304",FSAP-BATCH,ST1_7,N,,N,"2",FSAP-BATCH,BATCH,子流程,,,"1",12,st1_7,2025-07-30 11:07:30.642,admin,2025-09-03 18:42:57.449,W
PR-20241220-175324-256636,NCL08_009,全行代理收付業務待收檔維護申請書,N,"4","1","1","3","303",BT001.DUEIN.I,"106348",N,,N,"2",BT001,DUEIN,NCL-BATCH,,,"1",2,hanna,2024-12-20 17:53:24.465,ST1_7,2025-09-11 13:32:45.133,W
PR-20250529-171202-047988,FSAP_BIO_REPORT,產生BIO報表,N,"1","1","1","3","302",BT002.BT907.I,admin,N,,N,"2",BT002,BT907,FSAP-BATCH,,,"1",2,admin,2025-05-29 17:12:02.168,admin,2025-09-03 18:37:45.752,W
PR-20250425-174142-992355,NCL_CLU02_SP,維護代收比對檔-NCL子流程,N,"2","1","1","3","304",FSAP-BATCH,admin,N,,N,"2",FSAP-BATCH,BATCH,子流程,,,"1",2,admin,2025-04-25 17:41:42.492,admin,2026-01-23 11:48:42.494,W
PR-20240520-132529-644999,G6131,測試失敗沖正失敗,N,C0001,"1","2","1","102",,KENT,N,,N,"1",,,,,,"1",1,"106346",2024-05-20 13:25:29.748,"106346",2024-05-20 14:04:53.747,N
PR-20240814-150115-626084,G0122,連線收付業務外部代收手續費查詢,N,C0001,"2","1","1","102",,KENT,N,,N,"1",,,,,,"1",1,ST1_2,2024-08-14 15:01:15.897,ST1_2,2024-08-14 15:01:15.897,N
PR-20240814-145745-625853,G0121,連線收付業務代收黑名單查詢,N,C0001,"2","1","1","101",,KENT,N,,N,"1",,,,,,"1",1,ST1_2,2024-08-14 14:57:45.547,ST1_2,2024-08-14 14:57:45.547,N
PR-20250917-085007-530810,G6149,發放現金壓力測試,C,C0001,"1","1","1","102",,"106346",N,,N,"1",,,,,,"1",1,"106346",2025-09-17 08:50:07.659,"106346",2025-09-17 08:50:07.659,
PR-20241029-161340-034741,V0025,轉入帳號(虛擬帳號)查詢(目前無用),N,C0001,"2","1","1","101",,"105706",N,,N,"1",,,,,,"1",1,ST1_4,2024-10-29 16:13:40.712,ST1_4,2024-10-29 16:13:40.712,N
PR-20260130-113351-908870,TEST123,TEST123,N,C0001,"1","1","2","201",,"106346",N,,N,"1",,,"1",,,"1",1,Christine,2026-01-30 11:33:51.595,Christine,2026-01-30 11:33:51.595,
PR-20251014-150859-062952,TF001_CLMC_SP,同步NCL_CLMC,N,"1","1","1","3","302",FSAP-BATCH,ST1_1,N,,N,"2",FSAP-BATCH,BATCH,子流程,,,"1",1,ST1_1,2025-10-14 15:08:59.622,ST1_1,2025-10-14 15:22:48.177,W
PR-20240503-152135-238357,G0061,主檔查詢,N,C0001,"2","2","1","101",,KENT,N,,N,"1",,,"1",,,"1",1,kent,2024-05-03 15:21:35.090,"00602",2026-02-09 12:19:21.327,N
PR-20250317-133309-392371,G6200,代收付主檔維護-BIS直連,N,C0001,"1","1","1","101",,KENT,N,,N,"1",,,"1",,,"1",1,ST1_3,2025-03-17 13:33:09.684,"00602",2026-02-09 12:17:42.029,
PR-20241029-164551-036816,V6101,電子銀行預約轉帳登錄交易,N,C0001,"1","1","1","101",,"105706",N,,N,"1",,,,,,"1",1,ST1_4,2024-10-29 16:45:51.363,ST1_4,2024-10-29 16:45:51.363,N
PR-20240924-142026-460192,C7511,FAS業務類通知WFL,N,C0001,"1","1","1","101",,hanna,N,,N,"1",,,,,,"1",1,hanna,2024-09-24 14:20:26.951,BT01,2024-09-26 15:47:28.244,N
PR-20240814-150930-626911,G6601,連線收付業務入金機維護,N,C0001,"1","1","1","102",,KENT,N,,N,"1",,,"1",,,"1",1,ST1_2,2024-08-14 15:09:30.296,"00602",2026-02-09 12:17:13.742,N
PR-20240913-170915-947405,V6900,V6900,N,C0001,"1","1","2","201",,"105706",N,,N,"1",,,"1",,,"1",1,ST1_4,2024-09-13 17:09:15.800,"00602",2026-02-09 12:13:10.607,N
PR-20250801-100102-145993,P20,一般存入-臨櫃EXPTP,N,C0001,"1","1","1","102",,KENT,N,,Y,"1",,,,,,"1",1,ST1_4,2025-08-01 10:01:02.819,ST1_4,2025-08-01 10:01:02.819,
PR-20240906-151320-610774,R2400,R2400,N,C0001,"1","1","2","201",,"105706",N,,N,"1",,,"1",,,"1",1,ST1_4,2024-09-06 15:13:20.173,"00602",2026-02-09 12:15:00.027,N
PR-20240530-104459-909589,C75C503,FAS主機週期性維護開始,N,C0001,"1","2","4","401",,KENT,N,,N,"1",,,,,,"1",1,kent,2024-05-30 10:44:59.849,"00602",2025-11-06 15:23:16.795,N
PR-20251106-090238-174078,C75C504,FAS主機週期性維護結束,N,C0001,"1","2","4","401",,KENT,N,,N,"1",,,,,,"1",1,"00602",2025-11-06 09:02:38.123,"00602",2025-11-06 15:23:44.452,
PR-20240108-122631-457460,C75C501,C501FAS準備不服務,N,C0001,"1","1","4","401",,KENT,N,,N,"1",,,,,,"1",1,KENT,2024-01-08 12:26:31.000,carol,2024-10-22 09:15:21.053,N
PR-20240828-121749-205457,N1300,小貸轉換新開戶,N,C0001,"1","1","2","201",,"106346",N,,N,"1",,,"1",,,"1",1,ST1_5,2024-08-28 12:17:49.576,"00602",2026-02-09 12:16:10.908,N
PR-20240909-122454-735862,C75C502,C502BRCLS停止日間服務,N,C0001,"1","2","4","401",,KENT,N,,N,"1",,,,,,"1",1,carol,2024-09-09 12:24:54.491,admin,2025-06-18 10:42:54.644,N
PR-20250505-175007-492830,G61OUT,外部代收上傳,N,C0001,"1","1","1","102",,"106346",N,,N,"1",,, ,,,"1",1,st1_4,2025-05-05 17:50:07.056,ST1_4,2025-10-30 16:04:56.462,
PR-20240916-181819-096863,G0126S26,查詢流程處理狀況,N,S0001,"2","2","1","101",,KENT,N,,N,"1",,,,,,"1",1,carol,2024-09-16 18:18:19.534,christine,2025-05-23 10:42:29.028,N
PR-20240926-165616-562225,C75C505,C505臨時不營業處理,N,C0001,"1","1","4","401",,KENT,N,,N,"1",,,,,,"1",1,CAROL,2024-09-26 16:56:16.574,admin,2025-06-12 10:49:07.520,N
PR-20240708-153843-126000,C75C506,C506換日及批次檔案處理,N,C0001,"1","2","4","401",,KENT,N,,N,"1",,,,,,"1",1,KENT,2024-07-08 15:38:43.998,hanna,2025-04-11 15:16:30.031,N
PR-20240118-135656-533551,C10,C10分行連線狀態同步,N,C0001,"1","1","4","401",,KENT,N,,N,"1",,,,,,"1",1,KENT,2024-01-18 13:56:56.000,carol,2024-07-22 10:51:46.366,N
PR-20251020-184854-173928,G6699,G6699單顆節點沖正,C,C0001,"1","1","1","101",,christine,N,,N,"1",,,,,,"1",1,christine,2025-10-20 18:48:54.960,christine,2025-10-20 18:48:54.960,
PR-20240514-175917-468280,G6611,連線收付業務代收比對/虛擬分戶資料維護,N,C0001,"1","1","1","101",,KENT,N,,N,"1",,,"1",,,"1",1,KENT,2024-05-14 17:59:17.307,"00602",2026-02-09 12:16:57.532,N
PR-20241118-133942-991141,GH000,G61交易逾時補償流程,N,S0001,"1","1","1","102",,"105706",N,,N,"1",,,"1",,,"1",1,ST1_4,2024-11-18 13:39:42.771,christine,2026-03-04 16:48:53.988,N
PR-20241028-134459-977241,R1200,主管確認,N,C0001,"1","1","1","101",,"105706",N,,N,"1",,,,,,"1",1,ST1_4,2024-10-28 13:44:59.985,st1_1,2024-12-10 13:27:54.610,N
PR-20250801-101502-147217,K10,支存一般提取,N,C0001,"1","1","1","102",,KENT,N,,N,"1",,,,,,"1",1,ST1_4,2025-08-01 10:15:02.813,ST1_4,2025-09-26 15:05:50.508,
PR-20251107-211102-355273,P5001,P5001身分證統一編號變更,N,C0001,"1","1","1","101",,admin,N,,N,"1",,,,,,"1",1,"160296",2025-11-07 21:11:02.350,"160296",2025-11-07 21:11:02.350,
PR-20241028-150914-981118,R71,整批匯出確認,N,C0001,"1","1","1","101",,"105706",N,,N,"1",,,,,,"1",1,ST1_4,2024-10-28 15:09:14.256,st1_1,2024-12-10 14:02:20.001,N
PR-20240802-154226-140781,R1600,R1600,N,C0001,"1","2","2","201",,"105706",N,,N,"1",,,"1",,,"1",1,"105706",2024-08-02 15:42:26.921,"00602",2026-02-09 12:15:36.344,N
PR-20240729-091903-945190,V70,V70,N,C0001,"1","1","2","201",,"106346",N,,N,"1",,,"1",,,"1",1,"106346",2024-07-29 09:19:03.702,"00602",2026-02-09 12:14:03.255,N
PR-20240814-150654-626485,G0602,虛擬分戶檔餘額查詢,N,C0001,"2","1","1","101",,KENT,N,,N,"1",,,,,,"1",1,ST1_2,2024-08-14 15:06:54.169,ST1_2,2024-08-14 15:06:54.169,N
PR-20241029-101818-019060,R8113,跨行入帳通知(000160),N,C0001,"1","1","2","201",,"105706",N,,N,"1",,,"1",,,"1",1,ST1_4,2024-10-29 10:18:18.240,"00602",2026-02-09 12:14:25.984,N
PR-20240814-150415-626293,G0601,執行GS15,N,C0001,"2","1","1","101",,KENT,N,,N,"1",,,,,,"1",1,ST1_2,2024-08-14 15:04:15.440,ST1_4,2025-10-23 13:03:18.186,N
PR-20240718-133223-468343,G2103,金融卡轉帳之轉入帳號約定,N,C0001,"1","1","1","101",,"152323",N,,N,"1",,,,,,"1",1,ST1_3,2024-07-18 13:32:23.052,st1_4,2025-12-11 09:39:43.453,N
PR-20241226-114113-744666,R8111,付款指示明細(020100),N,C0001,"1","1","2","201",,"105706",N,,N,"1",,,"1",,,"1",1,st1_2,2024-12-26 11:41:13.603,"00602",2026-02-09 12:14:45.024,
PR-20240120-094418-674752,C20,C20分行離線狀態同步,N,C0001,"1","1","4","401",,KENT,N,,N,"1",,,,,,"1",1,KENT,2024-01-20 09:44:18.000,carol,2024-07-22 10:51:56.553,N
PR-20251007-133344-064611,G2381,台灣pay紅利積點-點數計算(FAS),N,C0001,"1","2","1","101",,"159164",N,,N,"1",,,,,,"1",1,"00602",2025-10-07 13:33:44.632,"00602",2025-11-07 11:50:05.007,
PR-20251013-122237-960909,G2382,台灣pay紅利積點-交易結果通知(FAS,N,C0001,"1","2","1","101",,"00602",N,,N,"1",,,,,,"1",1,"00602",2025-10-13 12:22:37.644,"00602",2026-02-11 10:01:04.899,
PR-20241017-113831-479855,V6441,外幣現鈔逾期註銷,N,S0001,"1","1","1","102",,"105706",N,,N,"1",,,,,,"1",1,ST1_4,2024-10-17 11:38:31.187,ST1_1,2025-01-22 14:53:27.028,N
PR-20241017-110350-477855,V6440,外幣現鈔申請,N,S0001,"1","1","2","201",,"105706",N,,N,"1",,,"1",,,"1",1,"105706",2024-10-17 11:03:50.147,"00602",2026-02-09 12:13:28.479,N
PR-20250801-102638-148380,K20,支存一般存入,N,C0001,"1","1","1","102",,KENT,N,,Y,"1",,,,,,"1",1,ST1_4,2025-08-01 10:26:38.478,BT01,2025-09-02 18:34:27.022,
PR-20240430-094510-201620,FAC2FAS,FAC2FAS(A8121-S21),N,C0001,"1","1","5","501",,"106346",N,,N,"1",,,,,,"1",1,carol,2024-04-30 09:45:10.215,KENT,2024-05-10 16:11:42.642,N
PR-20250603-112929-369781,G0157,批次控制檔執行批號查詢,N,C0001,"2","1","1","101",,admin,N,,N,"1",,,,,,"1",1,admin,2025-06-03 11:29:29.792,admin,2025-06-03 11:29:29.792,
PR-20250801-103556-149201,A8101,會計傳票資料登錄交易,N,C0001,"1","1","1","102",,KENT,N,,N,"1",,,,,,"1",1,ST1_4,2025-08-01 10:35:56.484,ST1_4,2025-08-01 10:35:56.484,
PR-20240923-141313-410871,V86,eACH即時代收代付交易,N,S0001,"1","1","2","201",,"105706",N,,N,"1",,,"1",,,"1",1,ST1_4,2024-09-23 14:13:13.400,"00602",2026-02-09 12:13:45.638,N
PR-20240925-150906-510797,G0156,批次處理結果查詢,N,C0001,"2","1","1","101",,hanna,N,,N,"1",,,,,,"1",1,hanna,2024-09-25 15:09:06.367,admin,2024-09-30 12:25:48.630,N
PR-20251117-175327-504906,ACENT,ACENT,N,C0001,"1","1","1","102",,KENT,N,,N,"1",,,,,,"1",1,ST1_4,2025-11-17 17:53:27.811,ST1_4,2025-11-17 17:53:27.811,
PR-20240723-160211-691228,K9500,K9500,N,C0001,"1","1","2","201",,"105706",N,,N,"1",,,"1",,,"1",1,"105706",2024-07-23 16:02:11.779,"00602",2026-02-09 12:16:27.928,N
PR-20240524-181440-759242,G6631,異常處理,N,S0001,"1","2","1","101",,KENT,N,,N,"1",,,,,,"1",1,"106346",2024-05-24 18:14:40.222,carol,2024-12-05 11:39:24.295,N
PR-20240729-150332-957449,C39,櫃員結帳部門設定,N,C0001,"1","1","4","401",,KENT,N,,N,"1",,,,,,"1",1,carol,2024-07-29 15:03:32.513,carol,2024-07-29 15:30:34.573,N
PR-20240923-143156-412614,C512,FAS批次toAplCmd,N,C0001,"1","1","4","401",,BT01,N,,N,"1",,,,,,"1",1,apple,2024-09-23 14:31:56.631,hanna,2025-04-14 11:43:38.405,N
PR-20241029-152155-031584,R8132,EDI轉帳約定轉入帳戶申請/註銷,N,C0001,"1","1","1","101",,"105706",N,,N,"1",,,,,,"1",1,ST1_4,2024-10-29 15:21:55.936,ST1_4,2024-10-29 15:30:47.131,N
PR-20251110-163604-697914,T50,T50定存連線變更,N,C0001,"1","1","1","101",,admin,N,,N,"1",,,,,,"1",1,admin,2025-11-10 16:36:04.493,admin,2025-11-10 16:36:04.493,
PR-20251113-173450-047895,TEST_BIO,TEST_BIO,N,"1","1","1","3","301",BT001.BT200.I,admin,N,,N,"2",BT001,BT200,NCL-BATCH,,,"1",1,BT01,2025-11-13 17:34:50.755,BT01,2025-11-13 17:37:28.361,N
PR-20250825-100347-419882,ANGUS_TEST,Angus_Test,N,"1","1","1","3","302",BT001.BT200.I,angus,N,,N,"2",BT001,BT200,NCL-BATCH,,,"1",1,angus,2025-08-25 10:03:47.443,hanna,2026-02-03 09:53:25.314,C
PR-20251112-095237-886072,TESTA1400,TESTA1400,N,C0001,"2","1","1","101",,christine,N,,N,"1",,,,,,"1",1,christine,2025-11-12 09:52:37.701,christine,2025-11-12 09:52:37.701,
PR-20260114-101505-183770,NCL_DEL121494,刪除代收付明細資料_CODE121494,N,"1","1","1","3","302",FSAP-BATCH,ST1_1,N,,N,"2",FSAP-BATCH,BATCH,子流程,,,"1",1,ST1_1,2026-01-14 10:15:05.032,ST1_1,2026-01-14 10:15:41.532,N
PR-20240506-144355-240913,G0064TEST,G0064的另一條測試流程起始電文不同,N,C0001,"2","2","1","101",,KENT,N,,N,"1",,,,,,"1",1,Kent,2024-05-06 14:43:55.858,christine,2025-08-21 16:17:41.554,N
PR-20240520-112631-642641,G6132,測試失敗不沖正成功,N,C0001,"1","1","1","101",,KENT,N,,N,"1",,,,,,"1",1,"106346",2024-05-20 11:26:31.264,"106346",2024-05-20 14:17:52.897,N
PR-20260204-110806-014371,SEANTEST,SEANTEST,N,C0001,"2","1","1","101",,sean,N,,N,"1",,,"1",,,"1",1,sean,2026-02-04 11:08:06.314,sean,2026-02-04 11:08:06.314,
PR-20240814-151418-627300,G6201,連線收付業務外部代收手續費維護,N,C0001,"1","1","1","102",,KENT,N,,N,"1",,,,,,"1",1,ST1_2,2024-08-14 15:14:18.562,ST1_2,2024-08-14 15:14:18.562,N
PR-20250723-165533-063304,V0009,V00_09客戶所有存款、放款、外匯帳號,N,C0001,"2","1","1","101",,admin,N,,N,"1",,,,,,"1",1,admin,2025-07-23 16:55:33.844,admin,2025-10-09 12:07:19.378,
PR-20240605-170444-099679,G2098TEST,測試RT410失敗掛帳FAC,N,C0001,"1","1","2","201",,KENT,N,,N,"1",,,"2",,,"1",1,KENT,2024-06-05 17:04:44.558,christine,2025-11-12 18:08:09.673,N
PR-20251009-145501-284439,FASINTRD,FAS共用中斷單顆節點沖正流程,C,C0001,"1","1","1","101",,christine,N,,N,"1",,,,,,"1",1,christine,2025-10-09 14:55:01.478,christine,2025-10-09 14:55:01.478,
PR-20241209-142914-462599,K0110,K0110法院提存調RIM,N,C0001,"2","1","1","101",,"105706",N,,N,"1",,,,,,"1",1,ST1_1,2024-12-09 14:29:14.711,ST1_1,2024-12-09 14:29:14.711,
PR-20240719-100600-499851,G6613,代收付彙總入帳,N,C0001,"1","1","1","102",,KENT,N,,N,"1",,,,,,"1",1,ST1_2,2024-07-19 10:06:00.421,ST1_4,2024-09-09 11:23:25.602,N
PR-20240814-151156-627100,G6612,連線收付業務代收黑名單維護,N,C0001,"1","1","1","102",,KENT,N,,N,"1",,,,,,"1",1,ST1_2,2024-08-14 15:11:56.907,ST1_2,2024-08-14 15:11:56.907,N
PR-20250813-150857-043751,ACBATCH,AcBatch批次轉即時,N,C0001,"1","1","1","101",,admin,N,,N,"1",,,,,,"1",1,st1_7,2025-08-13 15:08:57.910,st1_7,2025-08-13 15:08:57.910,
PR-20251002-170201-813838,G0045,G00-45晶片金融卡客戶持卡狀態查詢,N,C0001,"2","1","1","101",,admin,N,,N,"1",,,,,,"1",1,admin,2025-10-02 17:02:01.205,admin,2025-10-02 17:02:01.205,
PR-20240515-173808-499585,G6101,連線代收業務虛擬帳號,N,C0001,"1","2","2","201",,KENT,N,,N,"1",,,dual-track,,,"1",1,kent,2024-05-15 17:38:08.934,kent,2024-05-15 17:38:34.167,N
PR-20240510-181333-361137,G61XX,連線收付帳務處理作業,N,C0001,"1","1","2","201",,KENT,N,,N,"1",,,,,,"1",1,KENT,2024-05-10 18:13:33.250,christine,2025-03-15 10:50:25.105,N
PR-20241206-175119-417362,V0061,歸戶連線交易,N,C0001,"1","1","1","102",,"106346",N,,N,"1",,,,,,"1",1,CAROL,2024-12-06 17:51:19.072,admin,2025-11-07 16:03:36.124,
PR-20250901-133139-810043,G2388,台灣pay紅利積點-交易結果通知,N,C0001,"2","2","1","101",,"00602",N,,N,"1",,,,,,"1",1,"00602",2025-09-01 13:31:39.357,"00602",2025-11-07 11:51:08.574,
PR-20250721-152746-609651,NCL_BIO_REPORT,營業日BIO整批入帳報表作業,N,"1","1","1","3","302",C7512.FCL.I,ST1_7,N,,N,"2",C7512,FCL,FAS,,,"1",2,ST1_7,2025-07-21 15:27:46.965,admin,2025-09-03 18:39:42.356,W
PR-20250812-171948-840226,ACB01,AcBatch批次轉即時,N,C0001,"1","1","1","101",,admin,N,,N,"1",,,,,,"1",1,admin,2025-08-12 17:19:48.496,admin,2025-08-12 17:19:48.496,
PR-20250724-105152-146822,NCL_PORT_PUTF,傳送商港服務費銷帳媒體檔到商港服務中心 業務聯絡人：33436860邱先生,N,"4","1","1","3","303",BT001.DUEIN.I,ST1_1,N,,N,"2",BT001,DUEIN,NCL-BATCH,,,"1",2,ST1_1,2025-07-24 10:51:52.704,admin,2025-09-03 18:46:08.838,W
PR-20250724-110759-148327,NCL_OUTREMAIL,DUE-IN_OUTING-REMAIL,N,"4","1","1","3","303",BT001.DUEIN.I,ST1_1,N,,N,"2",BT001,DUEIN,NCL-BATCH,,,"1",1,ST1_1,2025-07-24 11:07:59.720,st1_7,2025-10-09 10:59:24.614,W
PR-20250214-100750-486541,NCL_C012,NCL_1530已銷戶更新作業,B,"3","1","1","3","302",FSAP-BATCH,"106348",N,"1",N,"2",FSAP-BATCH,BATCH,子流程,,,"1",3,ST1_1,2025-02-14 10:07:50.270,BT01,2025-09-04 10:02:35.841,W
PR-20251014-151554-063567,TF001_CLTOT_SP,同步NCL_CLTOT,N,"1","1","1","3","302",FSAP-BATCH,ST1_1,N,,N,"2",FSAP-BATCH,BATCH,子流程,,,"1",1,ST1_1,2025-10-14 15:15:54.361,ST1_1,2025-10-14 15:29:15.108,W
PR-20250522-140223-532510,NCL_STANDARD,"CONVTYPE = ""5"" 餘額檔",N,"1","1","1","3","302",C7512.FILE.I,ST1_4,N,,N,"2",C7512,FILE,FAS,,,"1",2,ST1_4,2025-05-22 14:02:23.446,admin,2025-09-03 18:46:55.932,W
PR-20250417-160304-332930,NCL_CLR,清除交易紀錄,N,"1","1","1","3","301",BT105.SCHED.I,admin,N,,N,"2",BT105,SCHED,FSAP-BATCH,,,"1",1,st1_4,2025-04-17 16:03:04.176,st1_7,2025-10-22 10:38:11.030,W
PR-20251117-094456-459868,TESTTX,測試電文變更異動通知,N,C0001,"1","1","1","101",,christine,N,,N,"1",,,,,,"1",1,christine,2025-11-17 09:44:56.481,christine,2025-11-17 09:44:56.481,
PR-20250620-132148-338375,TEST000BHDATE,TEST_BHDATE,N,S0001,"2","1","1","101",,admin,N,,N,"1",,,,,,"1",1,BT01,2025-06-20 13:21:48.948,BT01,2025-06-20 13:21:48.948,
PR-20250811-105006-666731,NCL_FCL010H,外部代收取消上傳,N,"2","1","1","3","304",FSAP-BATCH,ST1_7,N,,N,"2",FSAP-BATCH,BATCH,子流程,,,"1",3,st1_7,2025-08-11 10:50:06.424,admin,2025-09-05 17:06:28.277,W
PR-20251014-151355-063395,TF001_CLFEE_SP,同步NCL_CLFEE,N,"1","1","1","3","302",FSAP-BATCH,ST1_1,N,,N,"2",FSAP-BATCH,BATCH,子流程,,,"1",1,ST1_1,2025-10-14 15:13:55.348,ST1_1,2025-10-14 15:22:10.050,W
PR-20250529-102238-023266,BIO_CANCEL,BIO取消批次轉即時,N,"4","1","1","3","303",BT001.DUEIN.I,admin,N,,N,"2",BT001,DUEIN,NCL-BATCH,,,"1",2,admin,2025-05-29 10:22:38.912,admin,2025-09-03 18:29:51.452,N
PR-20250317-180702-403452,NCL_C1530_CONV,特殊格式產檔子流程,N,"3","1","1","3","302",FSAP-BATCH,ST1_1,N,,N,"2",FSAP-BATCH,BATCH,子流程,,,"1",2,st1_1,2025-03-17 18:07:02.470,st1_7,2025-11-24 14:25:53.540,W
PR-20241101-160411-176390,NCL_CONV27,NCL_1530_CONV27,N,"3","1","1","3","302",FSAP-BATCH,"106348",N,,N,"2",FSAP-BATCH,BATCH,子流程,,,"1",4,"105706",2024-11-01 16:04:11.783,BT01,2025-09-04 10:06:58.280,W
PR-20241217-192232-876935,TYPHOON,臨時不營業批次,N,"4","1","1","3","303",BT001.DUEIN.I,"106348",N,"1",N,"2",BT001,DUEIN,NCL-BATCH,,,"1",4,BT01,2024-12-17 19:22:32.395,admin,2025-12-29 18:05:42.501,W
PR-20250425-160628-986195,NCL_CLU01_SP,代收付主檔維護作業-NCL子流程,N,"2","1","1","3","304",FSAP-BATCH,admin,N,,N,"2",FSAP-BATCH,BATCH,子流程,,,"1",1,admin,2025-04-25 16:06:28.718,admin,2025-09-03 18:42:25.710,W
PR-20250329-092139-396429,TEST_PRUN_FILECHK,TEST_PRUN_FILECHK,B,"1","1","1","3","302",FSAP-BATCH,admin,N,,N,"2",FSAP-BATCH,BATCH,子流程,,,"1",2,BT01,2025-03-29 09:21:39.087,BT01,2025-05-09 18:48:44.109,W
PR-20240930-173046-745342,BIS_G2017_H,BIS更正交易,N,"2","1","1","3","304",BT001.BT209.I,"105706",N,,N,"2",BT001,BT209,NCB,,,"1",3,admin,2024-09-30 17:30:46.683,admin,2025-09-03 18:35:22.789,W
PR-20241129-092604-445213,COMM_TB,中文轉檔,N,"5","1","1","3","301",BT001.BT200.I,admin,N,,N,"2",BT001,BT200,FSAP-COMMON-SERVICE,,,"1",3,hanna,2024-11-29 09:26:04.770,admin,2025-09-03 18:35:47.025,W
PR-20240820-185802-873715,FAS_COMM,FAS共用FILE,N,"5","1","1","3","301",C7512.SY.I,"106348",N,,N,"2",C7512,SY,FAS,,,"1",4,apple,2024-08-20 18:58:02.967,admin,2025-09-03 18:36:17.378,W
PR-20250603-184808-401593,FAS_TF011,比對檔餘額同步,B,"1","1","1","3","302",C7512.FILE.I,ST1_1,N,,N,"2",C7512,FILE,FAS,,,"1",2,st1_1,2025-06-03 18:48:08.731,admin,2025-09-03 18:36:47.308,W
PR-20250604-143010-568999,FAS_TF012,餘額同步作業-代收分戶餘額檔,B,"1","1","1","3","302",C7512.FILE.I,ST1_1,N,,N,"2",C7512,FILE,FAS,,,"1",3,ST1_1,2025-06-04 14:30:10.809,admin,2025-09-03 18:36:56.036,W
PR-20250604-143200-569328,FAS_TF013,餘額同步作業-事業單位累計檔,B,"1","1","1","3","302",C7512.FILE.I,ST1_1,N,,N,"2",C7512,FILE,FAS,,,"1",2,ST1_1,2025-06-04 14:32:00.590,admin,2025-09-03 18:37:01.689,W
PR-20250620-115803-332810,FAS_TF014,EASYCLCMP,B,"1","1","1","3","302",C7512.FILE.I,ST1_1,N,,N,"2",C7512,FILE,FAS,,,"1",2,ST1_1,2025-06-20 11:58:03.809,admin,2025-09-03 18:37:08.980,W
PR-20250224-155953-153988,NCL_S53,勞保、勞退QRCODE的明細檔及彙計檔,N,"3","1","1","3","302",FSAP-BATCH,"106348",N,,N,"2",FSAP-BATCH,BATCH,子流程,,,"1",3,ST1_2,2025-02-24 15:59:53.230,admin,2025-09-03 18:46:43.658,W
PR-20250310-140805-859388,ADM_B2700,檔案檢核測試,N,"4","1","1","3","306",BT001.B2700.I,"105706",N,,N,"2",BT001,B2700,FSAP-BATCH,,,"1",3,hanna,2025-03-10 14:08:05.862,admin,2025-09-03 18:28:41.692,N
PR-20251229-143246-010873,DUEIN_V0009,V0009QRY,N,"4","1","1","3","303",BT001.DUEIN.I,admin,N,,N,"2",BT001,DUEIN,FSAP-ADMIN,,,"1",1,BT01,2025-12-29 14:32:46.497,BT01,2025-12-29 14:33:27.595,N
PR-20251125-193520-833197,FSAP_TF017,批次前NCL檔案同步至FAS,B,"3","1","1","3","302",FSAP-BATCH,admin,N,"1",N,"2",FSAP-BATCH,BATCH,,,,"1",2,BT01,2025-11-25 19:35:20.166,BT01,2025-11-26 12:02:04.243,C
PR-20251126-175155-933908,CHK_TF017,"啟動TF017,失敗bypass",N,"1","1","1","3","302",FSAP-BATCH,admin,N,,N,"2",FSAP-BATCH,BATCH,,,,"1",2,BT01,2025-11-26 17:51:55.242,BT01,2025-11-26 17:55:19.509,W
PR-20250812-164539-834933,PTCAL,PTCAL測試流程,N,C0001,"2","2","1","101",,"00602",N,,N,"1",,,,,,"1",1,"00602",2025-08-12 16:45:39.422,yao,2026-01-30 13:48:13.570,
PR-20260120-232654-704657,CC999,CC999,N,C0001,"2","2","1","101",,karno,N,,N,"1",,,"1",,,"1",1,karno,2026-01-20 23:26:54.231,karno,2026-01-21 14:40:54.627,
PR-20250819-135949-188654,G2386,台灣pay紅利積點-點數計算,N,C0001,"1","2","1","101",,"00602",N,,N,"1",,,,,,"1",1,"159164",2025-08-19 13:59:49.275,"00602",2026-01-28 11:54:11.712,
PR-20241220-175057-256570,NCL08_003,全行代理收付業務主檔維護申請書,N,"4","1","1","3","303",BT001.DUEIN.I,"106348",N,,N,"2",BT001,DUEIN,NCL-BATCH,,,"1",2,hanna,2024-12-20 17:50:57.230,ST1_7,2025-09-11 13:32:03.988,W
PR-20251030-141059-979741,TEST_BIO_CONV,test_BIO轉碼,N,"1","1","1","3","301",BT001.BT200.I,admin,N,,N,"2",BT001,BT200,NCL-BATCH,,,"1",3,BT01,2025-10-30 14:10:59.609,BT01,2025-10-30 14:14:08.491,N
PR-20250602-151623-311317,TEST_PRTMSG,測試用-傳送報表管理系統,N,"1","1","1","3","302",C7512.FILE.I,ST1_1,N,,N,"2",C7512,FILE,FAS,,,"1",1,ST1_1,2025-06-02 15:16:23.579,ST1_1,2025-06-02 15:16:23.579,W
PR-20251210-150102-928960,NCL_TF018,TF018,N,"1","1","1","3","302",C7512.FILE.I,ST1_1,N,,N,"2",C7512,FILE,FAS,,,"1",1,ST1_1,2025-12-10 15:01:02.551,ST1_1,2025-12-10 15:01:29.930,W
PR-20250710-172025-364723,COM_DUEIN,B2500啟動週邊JOB,N,"4","1","1","3","303",BT001.DUEIN.I,admin,N,,N,"2",BT001,DUEIN,NCL-BATCH,,,"1",1,admin,2025-07-10 17:20:25.468,admin,2025-09-03 18:35:53.452,N
PR-20250424-132016-896008,TF001_ALL,TF001併行,B,"3","1","1","3","302",FSAP-BATCH,ST1_1,N,,N,"2",FSAP-BATCH,BATCH,子流程,,,"1",2,st1_1,2025-04-24 13:20:16.111,st1_1,2025-09-23 12:04:29.665,W
PR-20250819-183716-805775,NCL_CLD03_SP,代收付軋帳整批入帳-NCL子流程,N,"2","1","1","3","304",FSAP-BATCH,admin,N,,N,"2",FSAP-BATCH,BATCH,子流程,,,"1",1,admin,2025-08-19 18:37:16.108,admin,2025-08-19 18:37:49.124,W
PR-20241220-175228-256611,NCL08_007,全行代理收付業務產生對帳單媒體申請書,N,"4","1","1","3","303",BT001.DUEIN.I,"106348",N,,N,"2",BT001,DUEIN,NCL-BATCH,,,"1",2,hanna,2024-12-20 17:52:28.364,ST1_7,2025-09-11 13:25:35.063,W
PR-20240826-154717-123129,TEST_FILE,測試檔案處理,B,"1","1","1","3","302",BT001.BT200.I,admin,N,,N,"2",BT001,BT200,NCL-BATCH,,,"1",8,apple,2024-08-26 15:47:17.322,BT01,2025-11-13 17:12:47.518,C
PR-20250724-111622-149251,NCL_BIZREFTP,補傳到BIZTALK,N,"4","1","1","3","303",BT001.DUEIN.I,ST1_1,N,,N,"2",BT001,DUEIN,NCL-BATCH,,,"1",1,ST1_1,2025-07-24 11:16:22.123,admin,2025-09-03 18:39:49.187,W
PR-20260204-171759-084257,BIS_FCL003_SP,代收付軋帳整批入帳-檔案處理,N,"2","1","1","3","304",FSAP-BATCH,admin,N,,N,"2",FSAP-BATCH,BATCH,子流程,,,"1",1,admin,2026-02-04 17:17:59.816,admin,2026-02-06 09:47:25.971,N
PR-20251105-181313-109250,BIS_OA012,歸戶整批變更,N,"2","1","1","3","304",BT001.OA012.I,admin,N,,N,"2",BT001,OA012,NCB,,,"1",1,admin,2025-11-05 18:13:13.542,admin,2025-11-06 09:49:18.895,N
PR-20260225-135447-006587,NCL_CLD10,外部代收上傳檔下傳新增CLDTL 340001總數資料,N,"1","1","1","3","302",C7512.FCL.I,ST1_7,N,,N,"2",C7512,FCL,FAS,,,"1",1,ST1_7,2026-02-25 13:54:47.871,ST1_7,2026-02-25 13:55:27.028,W
PR-20251014-151250-063312,TF001_CLCMP_SP,同步NCL_CLCMP,N,"1","1","1","3","302",FSAP-BATCH,ST1_1,N,,N,"2",FSAP-BATCH,BATCH,子流程,,,"1",1,ST1_1,2025-10-14 15:12:50.522,ST1_1,2025-10-14 15:18:22.642,W
PR-20241125-153548-320179,BHDATE,批次營業日查詢,N,"1","1","1","3","302",FSAP-BATCH,"106348",N,,N,"2",FSAP-BATCH,BATCH,子流程,,,"1",12,BT01,2024-11-25 15:35:48.071,admin,2025-09-03 18:28:52.421,N
PR-20250819-155018-491962,BIS_CLD05,補下傳CL004媒體檔,N,"2","1","1","3","304",BT001.G2017.I,ST1_1,N,,N,"2",BT001,G2017,NCB,,,"1",1,ST1_7,2025-08-19 15:50:18.676,admin,2025-09-03 18:29:29.117,W
PR-20250401-103156-684631,TF004,PUTH比對,B,"3","1","1","3","302",C7512.FILE.I,ST1_1,N,,N,"2",C7512,FILE,FAS,,,"1",3,ST1_1,2025-04-01 10:31:56.436,admin,2025-09-03 18:52:08.242,W
PR-20250721-161717-614222,BIS_CLD03,代收付軋帳整批入帳,N,"2","1","1","3","304",BT001.G2017.I,ST1_7,N,,N,"2",BT001,G2017,NCB,,,"1",5,ST1_7,2025-07-21 16:17:17.328,admin,2025-09-03 18:29:35.257,W
PR-20250317-180400-403230,NCL_C1530_MNT,維護資料庫子流程,N,"3","1","1","3","302",FSAP-BATCH,ST1_1,N,,N,"2",FSAP-BATCH,BATCH,子流程,,,"1",2,st1_1,2025-03-17 18:04:00.017,admin,2025-09-03 18:40:52.417,W
PR-20250317-175451-402764,NCL_C1530_RPT,產生報表子流程,N,"3","1","1","3","302",FSAP-BATCH,ST1_1,N,,N,"2",FSAP-BATCH,BATCH,子流程,,,"1",2,ST1_1,2025-03-17 17:54:51.478,admin,2025-09-03 18:40:59.592,W
PR-20250227-141725-308447,NCL_CLD12,外部代收印上傳報表及傳檔,N,"2","1","1","3","302",C7512.FCL.I,"106348",N,,N,"2",C7512,FCL,FAS,,,"1",6,ST1_1,2025-02-27 14:17:25.301,admin,2025-09-03 18:41:43.095,W
PR-20250820-100415-870807,NCL_TO_ONDEMAND,傳送報表至OnDemand,N,"4","1","1","3","303",BT001.DUEIN.I,ST1_4,N,,N,"2",BT001,DUEIN,NCL-BATCH,,,"1",1,st1_4,2025-08-20 10:04:15.466,admin,2025-09-03 18:47:51.922,N
PR-20241220-174215-256342,ADM_B2400,重新傳送檔案(FTP/EMAIL),N,"4","1","1","3","303",BT001.BT221.I,"105706",N,,N,"2",BT001,BT221,FSAP-BATCH,,,"1",5,hanna,2024-12-20 17:42:15.041,admin,2025-09-08 16:16:35.854,N
PR-20250417-150237-330846,NCL_TYPH_TAX,颱風天調整解款稅款日,N,"4","1","1","3","303",BT001.DUEIN.I,admin,N,,N,"2",BT001,DUEIN,NCL-BATCH,,,"1",1,st1_2,2025-04-17 15:02:37.523,admin,2025-09-03 18:48:12.647,W
PR-20241009-160050-131812,FSAP_BIO,執行BIO批次轉即時,N,"3","1","1","3","302",C71.C070.O,"106348",N,"1",N,"2",C71,C070,FAS,,,"1",4,BT01,2024-10-09 16:00:50.339,admin,2025-12-23 16:07:47.163,C
PR-20241113-170435-776813,FAS_TFDEL,RERUN-交易資料清檔作業(initial),N,"3","1","1","3","302",C7512.FILE.I,admin,N,"1",N,"2",C7512,FILE,,,,"1",3,ST1_4,2024-11-13 17:04:35.046,BT01,2025-03-17 09:50:02.733,W
PR-20250707-132657-483971,NCL_RFTP,代收業務補傳銷帳檔案,N,"4","1","1","3","303",BT001.DUEIN.I,ST1_1,N,,N,"2",BT001,DUEIN,NCL-BATCH,,,"1",3,ST1_1,2025-07-07 13:26:57.533,admin,2025-09-03 18:46:25.001,W
PR-20240820-101011-856425,NCL_1530,NCL_1530夜間批次主流程,B,"3","1","1","3","302",FSAP-BATCH,"106348",N,"1",N,"2",FSAP-BATCH,BATCH,子流程,,,"1",8,ST1_1,2024-08-20 10:10:11.164,BT01,2025-10-17 12:10:53.837,W
PR-20250821-155742-007132,BIS_FCL010,外部代收媒體上傳,N,"2","1","1","3","304",BT001.G2017.I,admin,N,,N,"2",BT001,G2017,NCB,,,"1",1,admin,2025-08-21 15:57:42.957,admin,2025-09-11 17:57:16.583,W
PR-20250507-101748-593030,NCL_ANALY_STAT,全行代理收款各管道繳款月報表及媒體,B,"1","1","1","3","302",FSAP-BATCH,ST1_1,N,,N,"2",FSAP-BATCH,BATCH,子流程,,,"1",3,st1_4,2025-05-07 10:17:48.287,st1_2,2025-09-04 17:18:18.546,W
PR-20250825-164742-546969,BIS_FCL012,外部代收印上傳報表及傳檔,N,"2","1","1","3","304",BT001.G2017.I,admin,N,,N,"2",BT001,G2017,NCB,,,"1",1,admin,2025-08-25 16:47:42.723,admin,2025-09-03 18:35:03.543,W
PR-20251016-160046-547634,NCL_SEARCH_KPUTH,NCL_SEARCH_KPUTH,N,"4","1","1","3","303",BT001.DUEIN.I,ST1_2,N,,N,"2",BT001,DUEIN,NCL-BATCH,,,"1",1,st1_2,2025-10-16 16:00:46.459,st1_2,2025-10-16 16:00:46.459,W
PR-20250317-175316-402720,NCL_C1530_01,C1530併行流程,N,"3","1","1","3","302",FSAP-BATCH,ST1_1,N,,N,"2",FSAP-BATCH,BATCH,子流程,,,"1",1,ST1_1,2025-03-17 17:53:16.343,admin,2025-09-03 18:40:29.472,W
PR-20250506-094456-520092,NCL_CLD22,外部代收入帳,N,"2","1","1","3","304",C7512.FCL.I,ST1_1,N,,N,"2",C7512,FCL,FAS,,,"1",1,ST1_1,2025-05-06 09:44:56.422,st1_7,2026-02-02 16:49:07.543,W
PR-20250716-141331-064432,NCL_CONV121494,BIO產生全民共享普發現金明細報表,B,"1","1","1","3","302",FSAP-BATCH,ST1_7,N,,N,"2",FSAP-BATCH,BATCH,,,,"1",2,st1_7,2025-07-16 14:13:31.753,st1_7,2025-10-27 15:38:56.612,W
PR-20250922-151831-644572,NCL_TF017,TF017,B,"1","1","1","3","302",C7512.FILE.I,ST1_1,N,,N,"2",C7512,FILE,,,,"1",2,ST1_1,2025-09-22 15:18:31.326,st1_1,2025-10-30 10:55:34.606,W
PR-20250704-164003-170540,NCL_TF015,CLTMP報表&比對,B,"3","1","1","3","302",FSAP-BATCH,ST1_1,N,,N,"2",FSAP-BATCH,BATCH,,,,"1",4,ST1_1,2025-07-04 16:40:03.185,st1_1,2026-02-03 13:48:06.211,W
PR-20251002-135654-792804,NCL_TF016,單軌轉換_外部代收轉進NCLDB,B,"1","1","1","3","302",C7512.FILE.I,ST1_1,N,"1",N,"2",C7512,FILE,,,,"1",5,ST1_1,2025-10-02 13:56:54.585,ST1_1,2026-01-21 15:47:11.291,W
PR-20250804-145946-562356,CLD03_S02S03,CLD03併行,N,"1","1","1","3","304",FSAP-BATCH,ST1_1,N,,N,"2",FSAP-BATCH,BATCH,子流程,,,"1",1,ST1_1,2025-08-04 14:59:46.934,ST1_1,2025-08-04 14:59:46.934,W
PR-20250506-100619-520784,NCL_CLD23,外部代收-入帳後取消入帳,N,"2","1","1","3","304",C7512.FCL.I,ST1_1,N,,N,"2",C7512,FCL,FAS,,,"1",1,ST1_1,2025-05-06 10:06:19.476,admin,2025-09-03 18:41:56.662,W
PR-20250512-141656-822867,NCL_CLD24,入帳前取消入帳,N,"2","1","1","3","304",C7512.FCL.I,ST1_1,N,,N,"2",C7512,FCL,FAS,,,"1",1,ST1_1,2025-05-12 14:16:56.009,admin,2025-09-03 18:42:03.118,W
PR-20250926-153503-531265,NCL_FCL008,信義分行主辦票交所代收中華電信費FCS業務,N,"1","1","1","3","304",FSAP-BATCH,ST1_7,N,,N,"2",FSAP-BATCH,BATCH,子流程,,,"1",2,st1_7,2025-09-26 15:35:03.067,admin,2025-09-30 16:36:58.456,W
PR-20251007-135650-066432,NCL_FCL007,代收付軋帳補印報表(CL-C004),N,"2","1","1","3","304",FSAP-BATCH,ST1_7,N,,N,"2",FSAP-BATCH,BATCH,子流程,,,"1",1,ST1_7,2025-10-07 13:56:50.527,ST1_1,2026-03-02 15:07:58.799,W
PR-20251224-170829-639040,NCL_TF010,TF010,N,"1","1","1","3","302",FSAP-BATCH,ST1_7,N,,N,"2",FSAP-BATCH,BATCH,子流程,,,"1",1,ST1_7,2025-12-24 17:08:29.593,ST1_7,2025-12-24 17:10:43.937,W
PR-20250313-163039-155240,NCL_CVRPT,轉檔,N,"3","1","1","3","302",C7512.FILE.I,"106348",N,,N,"2",C7512,FILE,FAS,,,"1",3,ST1_1,2025-03-13 16:30:39.419,admin,2025-09-03 18:43:42.585,W
PR-20250714-093432-776625,BIS_CLU08,信義分行主辦票交所代收中華電信費FCS業務,N,"2","1","1","3","304",BT001.G2017.I,ST1_7,N,,N,"2",BT001,G2017,NCB,,,"1",1,st1_7,2025-07-14 09:34:32.355,admin,2025-09-03 18:34:00.822,W
PR-20251007-140058-066809,BIS_FCL007,代收付軋帳補印報表(CL-C004),N,"2","1","1","3","304",BT001.G2017.I,admin,N,,N,"2",BT001,G2017,NCB,,,"1",1,admin,2025-10-07 14:00:58.893,admin,2025-10-07 14:01:21.869,W
PR-20250930-163541-246151,BIS_FCL005,代收彙計檔下傳,N,"2","1","1","3","304",BT001.G2017.I,admin,N,,N,"2",BT001,G2017,NCB,,,"1",1,admin,2025-09-30 16:35:41.982,admin,2025-09-30 16:38:15.689,W
PR-20250825-171034-550369,BIS_FCL004,產生當日銷帳媒體檔,N,"2","1","1","3","304",BT001.G2017.I,admin,N,,N,"2",BT001,G2017,NCB,,,"1",1,admin,2025-08-25 17:10:34.227,admin,2025-09-03 18:34:48.762,W
PR-20250722-110947-772148,NCL_OUTRFTP,DUE-IN_OUTING-RFTP,N,"4","1","1","3","303",BT001.DUEIN.I,ST1_1,N,,N,"2",BT001,DUEIN,NCL-BATCH,,,"1",1,st1_1,2025-07-22 11:09:47.762,st1_7,2025-10-09 09:51:36.935,W
PR-20250718-135429-804253,NCL_SREPORT,產生商港服務費代收媒體檔,B,"1","1","1","3","302",FSAP-BATCH,ST1_7,N,,N,"2",FSAP-BATCH,BATCH,,,,"1",2,ST1_7,2025-07-18 13:54:29.902,st1_7,2025-10-27 15:39:14.590,W
PR-20260123-113753-426272,NCL_TF997,取2FSAP檔案(連線日),N,"1","1","1","3","301",C7512.FILE.I,ST1_1,N,,N,"2",C7512,FILE,FAS,,,"1",1,admin,2026-01-23 11:37:53.305,admin,2026-01-23 11:41:20.524,W
PR-20250819-161555-499301,NCL_FCL004,產生當日銷帳媒體檔,N,"2","1","1","3","304",FSAP-BATCH,ST1_7,N,,N,"2",FSAP-BATCH,BATCH,子流程,,,"1",2,ST1_7,2025-08-19 16:15:55.100,admin,2025-09-03 18:44:03.155,W
PR-20250224-101833-145410,NCL_S91,產生代收稅款交易更正成功明細表,N,"3","1","1","3","302",FSAP-BATCH,"106348",N,,N,"2",FSAP-BATCH,BATCH,子流程,,,"1",3,ST1_2,2025-02-24 10:18:33.314,admin,2025-09-03 18:46:37.240,W
PR-20250821-160554-007805,NCL_FCL010_SP,外部代收媒體上傳-子流程,N,"1","1","1","3","304",FSAP-BATCH,admin,N,,N,"2",FSAP-BATCH,BATCH,子流程,,,"1",1,admin,2025-08-21 16:05:54.163,st1_7,2025-10-31 16:04:42.099,N
PR-20250730-111409-913404,BIS_CLU10,產生檢核表,N,"2","1","1","3","304",BT001.G2017.I,ST1_7,N,,N,"2",BT001,G2017,NCB,,,"1",1,st1_7,2025-07-30 11:14:09.053,admin,2025-09-03 18:34:40.471,W
PR-20250812-172447-840876,NCL_ACB01,FAC批次入帳(批次轉即時),N,"1","1","1","3","302",BT001.ACB01.I,admin,N,,N,"2",BT001,ACB01,NCL-BATCH,,,"1",1,admin,2025-08-12 17:24:47.507,admin,2025-09-03 18:39:00.848,W
PR-20250926-154147-531803,BIS_FCL008,信義分行主辦票交所代收中華電信費FCS業務,N,"2","1","1","3","304",BT001.G2017.I,admin,N,,N,"2",BT001,G2017,NCB,,,"1",1,admin,2025-09-26 15:41:47.996,admin,2025-09-26 15:52:21.787,W
PR-20250930-163316-245979,NCL_FCL005,代收彙計檔下傳,N,"1","1","1","3","304",FSAP-BATCH,ST1_7,N,,N,"2",FSAP-BATCH,BATCH,子流程,,,"1",2,st1_7,2025-09-30 16:33:16.816,st1_7,2025-09-30 16:39:56.622,W
PR-20240823-144632-997965,NCL_ACB02,FAC批次入帳(檔案),N,"1","1","1","3","302",BT001.ACB02.I,"106348",N,"1",N,"2",BT001,ACB02,NCL-BATCH,,,"1",2,hanna,2024-08-23 14:46:32.754,admin,2025-09-03 18:39:07.861,W
PR-20250725-114437-271327,NCL_AFCBV,"維護主檔代收記號，以避免隔日代收交易出現""主辦行已軋帳""之訊息",N,"3","1","1","3","302",BT105.SCHED.I,ST1_1,N,,N,"2",BT105,SCHED,,,,"1",6,ST1_1,2025-07-25 11:44:37.287,ST1_1,2025-09-05 16:54:33.259,W
PR-20251014-151324-063385,TF001_CLDTL_SP,同步NCL_CLDTL,N,"1","1","1","3","302",FSAP-BATCH,ST1_1,N,,N,"2",FSAP-BATCH,BATCH,子流程,,,"1",1,ST1_1,2025-10-14 15:13:24.045,ST1_1,2025-10-14 15:21:00.585,W
PR-20251210-191630-953750,BIS_FCL003,代收付軋帳整批入帳,N,"2","1","1","3","304",BT001.G2017.I,admin,N,,N,"2",BT001,G2017,NCB,,,"1",1,admin,2025-12-10 19:16:30.888,admin,2025-12-11 11:40:00.160,W
PR-20251217-164332-763889,BIS_FCL002,維護代收比對檔,N,"2","1","1","3","304",BT001.G2017.I,admin,N,,N,"2",BT001,G2017,NCB,,,"1",1,admin,2025-12-17 16:43:32.165,admin,2025-12-17 16:44:19.945,W
PR-20250729-114408-743357,TEST_NCL_UAT_CLD03,UAT測試-代收付軋帳整批入帳,N,"4","1","1","3","303",BT001.DUEIN.I,ST1_1,N,,N,"2",BT001,DUEIN,NCL-BATCH,,,"1",2,ST1_1,2025-07-29 11:44:08.610,ST1_1,2025-09-25 15:46:31.246,W
PR-20251217-163836-763378,BIS_FCL001,代收付主檔維護作業,N,"2","1","1","3","304",BT001.G2017.I,admin,N,,N,"2",BT001,G2017,NCB,,,"1",1,admin,2025-12-17 16:38:36.608,admin,2025-12-17 16:44:53.742,W
PR-20250808-111506-304762,NCL_TF008,要保機構建置存款保險電子資料檔案作業控制單,B,"4","1","1","3","303",BT001.DUEIN.I,ST1_2,N,,N,"2",BT001,DUEIN,NCL-BATCH,,,"1",8,st1_2,2025-08-08 11:15:06.365,ST1_4,2025-10-02 09:35:47.216,W
PR-20250811-102554-664528,NCL_TF009,代收關貿網路公司檔案格式轉換及與存款往來明細檔案合併(單軌),B,"3","1","1","3","302",C7512.FILE.I,ST1_2,N,,N,"2",C7512,FILE,FAS,,,"1",3,st1_2,2025-08-11 10:25:54.226,ST1_1,2026-01-21 15:52:04.231,W
PR-20250703-181524-026899,NCL_UCLCMP,維護代收比對檔,N,"2","1","1","3","304",C7512.FCL.I,ST1_1,N,,N,"2",C7512,FCL,FAS,,,"1",2,st1_1,2025-07-03 18:15:24.017,admin,2025-09-03 18:48:18.349,W
PR-20250507-102328-593210,NCL_ANALY_STAT6,全行代理收款各管道繳款月報表及媒體,B,"1","1","1","3","302",FSAP-BATCH,ST1_1,N,,N,"2",FSAP-BATCH,BATCH,子流程,,,"1",3,st1_4,2025-05-07 10:23:28.890,st1_7,2026-02-25 10:30:36.895,W
PR-20251217-175123-770670,NCL_FCL023_SP,全行代理收付外部代收當日清算清單,N,"2","1","1","3","304",FSAP-BATCH,ST1_1,N,,N,"2",FSAP-BATCH,BATCH,子流程,,,"1",1,ST1_1,2025-12-17 17:51:23.225,ST1_1,2025-12-17 17:52:12.412,W
PR-20250703-182113-027348,FSAP_DLYRPT,FSAP每日交易資料報表,N,"1","1","1","3","301",BT105.SCHED.I,admin,N,,N,"2",BT105,SCHED,FSAP-BATCH,,,"1",1,BT01,2025-07-03 18:21:13.523,admin,2025-09-03 18:38:22.873,N
PR-20250916-131940-401884,NCL_TF998,取NCL夜批檔,B,"1","1","1","3","302",C7512.FILE.I,ST1_1,N,,N,"2",C7512,FILE,,,,"1",2,st1_1,2025-09-16 13:19:40.052,st1_2,2025-09-19 15:37:16.765,W
PR-20250827-174815-869042,NCL_TF999,FAS取夜批檔DATA,B,"1","1","1","3","302",C7512.FILE.I,ST1_1,N,,N,"2",C7512,FILE,,,,"1",2,ST1_1,2025-08-27 17:48:15.253,st1_1,2025-09-16 13:14:27.890,W
PR-20250722-143600-842136,NCL_TF006,上船虛擬帳號代收付分戶每日餘額(單軌),B,"3","1","1","3","302",C7512.FILE.I,ST1_2,N,,N,"2",C7512,FILE,FAS,,,"1",4,st1_2,2025-07-22 14:36:00.046,ST1_1,2026-01-21 15:50:20.583,W
PR-20250317-102556-385797,NCL_TRUSTF,每個營業日下午三點十分發動，產生信託部銷帳媒體,N,"1","1","1","3","301",FSAP-BATCH,ST1_1,N,,N,"2",FSAP-BATCH,BATCH,子流程,,,"1",2,ST1_1,2025-03-17 10:25:56.529,admin,2025-09-03 18:47:57.156,W
PR-20250930-103548-929830,NCL_TF007,整批入扣帳代收票據，下傳NCL更新代收比對檔(單軌),B,"3","1","1","3","302",C7512.FILE.I,ST1_2,N,,N,"2",C7512,FILE,FAS,,,"1",3,st1_2,2025-09-30 10:35:48.526,ST1_1,2026-01-21 15:51:21.500,W
PR-20250701-112500-573789,NCL_TF004,上傳檔案12C3350002至主機並發動TF004(單軌),B,"3","1","1","3","302",C7512.FILE.I,ST1_7,N,,N,"2",C7512,FILE,FAS,,,"1",4,ST1_7,2025-07-01 11:25:00.082,ST1_1,2026-01-21 15:44:16.888,W
PR-20250701-162942-622600,NCL_TF005,上傳檔案17C0159008、17X3199981至主機並發動主機TF005(單軌),B,"3","1","1","3","302",C7512.FILE.I,ST1_7,N,,N,"2",C7512,FILE,,,,"1",5,ST1_7,2025-07-01 16:29:42.406,ST1_1,2026-01-21 15:50:30.848,W
PR-20250425-165925-989480,TF001_SEQ,TF001循序,N,"3","1","1","3","302",FSAP-BATCH,admin,N,,N,"2",FSAP-BATCH,BATCH,子流程,,,"1",1,BT01,2025-04-25 16:59:25.880,admin,2025-09-03 18:52:02.482,W
PR-20250516-115021-033067,NCL_CONV511023,提供台電QRCODE代收明細及日結報表,N,"1","1","1","3","301",FSAP-BATCH,ST1_4,N,,N,"2",FSAP-BATCH,BATCH,子流程,,,"1",3,ST1_4,2025-05-16 11:50:21.579,st1_7,2025-12-29 16:19:35.153,W
PR-20250723-155317-053523,NCL_PRERUN_MASK,代收付排程-口罩,N,"4","1","1","3","303",BT001.DUEIN.I,ST1_1,N,,N,"2",BT001,DUEIN,NCL-BATCH,,,"1",2,ST1_1,2025-07-23 15:53:17.279,admin,2025-09-03 18:46:13.958,W
PR-20250417-162424-333588,FAC_CLR,清除交易紀錄及帳務明細,N,"1","1","1","3","301",BT105.SCHED.I,admin,N,,N,"2",BT105,SCHED,FSAP-BATCH,,,"1",1,st1_4,2025-04-17 16:24:24.343,st1_7,2025-10-22 10:26:51.413,W
PR-20251229-135327-984191,FAS_BIO_SP,BIO檔案處理作業,B,"3","1","1","3","302",FSAP-BATCH,admin,N,,N,"2",FSAP-BATCH,BATCH,,,,"1",2,admin,2025-12-29 13:53:27.759,admin,2026-01-02 15:26:59.861,C
PR-20251014-150818-062941,TF001_CLTMR_SP,同步NCL_CLTMR,N,"1","1","1","3","302",FSAP-BATCH,ST1_1,N,,N,"2",FSAP-BATCH,BATCH,子流程,,,"1",1,ST1_1,2025-10-14 15:08:18.784,ST1_1,2025-10-14 15:28:29.414,W
PR-20250222-144840-076071,BIO_SKIP,BIO指定序號SKIP,N,"4","1","1","3","303",BT001.DUEIN.I,"106348",N,,N,"2",BT001,DUEIN,NCL-BATCH,,,"1",3,hanna,2025-02-22 14:48:40.095,admin,2025-09-24 10:59:32.993,N
PR-20251003-172057-926002,BIS_CLU03,更改代收比對檔繳款期限,N,"2","1","1","3","304",BT001.G2017.I,ST1_1,N,,N,"2",BT001,G2017,NCB,,,"1",1,ST1_1,2025-10-03 17:20:57.728,admin,2025-10-03 17:24:54.875,W
PR-20250425-174535-993078,BIS_CLU02,維護代收比對檔-子流程,N,"2","1","1","3","304",FSAP-BATCH,admin,N,,N,"2",FSAP-BATCH,BATCH,子流程,,,"1",2,admin,2025-04-25 17:45:35.101,admin,2025-12-17 16:44:25.357,W
PR-20250425-160940-986367,BIS_CLU01,代收付主檔維護作業-子流程,N,"2","1","1","3","304",FSAP-BATCH,admin,N,,N,"2",FSAP-BATCH,BATCH,子流程,,,"1",2,admin,2025-04-25 16:09:40.780,admin,2025-12-17 16:40:11.454,W
PR-20250818-150013-759371,FSAP_BIO_TBSDY,營業日BIO,B,"1","1","1","3","301",BT105.SCHED.I,admin,N,,N,"2",BT105,SCHED,,,,"1",3,admin,2025-08-18 15:00:13.976,admin,2026-01-21 14:19:05.124,W
PR-20251014-150340-062540,TF001_CLMR_SP,同步NCL_CLMR,N,"1","1","1","3","302",FSAP-BATCH,ST1_1,N,,N,"2",FSAP-BATCH,BATCH,子流程,,,"1",1,ST1_1,2025-10-14 15:03:40.429,ST1_1,2025-10-14 15:23:26.592,W
PR-20250919-180318-283050,BIS_TG6100,勞保局整批轉即時,N,"2","1","1","3","304",BT001.G2017.I,admin,N,,N,"2",BT001,G2017,NCB,,,"1",1,admin,2025-09-19 18:03:18.466,admin,2025-09-19 18:12:50.395,W
PR-20260123-105012-421182,NCL_TF017_CRE,TF017產檔,B,"1","1","1","3","302",FSAP-BATCH,ST1_1,N,,N,"2",FSAP-BATCH,BATCH,,,,"1",2,hanna,2026-01-23 10:50:12.005,admin,2026-01-27 18:24:20.703,W
PR-20250620-133816-339461,NCL_CLD04_2,產生當日銷帳媒體檔,N,"1","1","1","3","301",BT105.SCHED.I,ST1_7,N,,N,"2",BT105,SCHED,FSAP-BATCH,,,"1",6,ST1_7,2025-06-20 13:38:16.222,admin,2025-09-03 18:41:27.888,W
PR-20250620-133921-339512,NCL_CLD04_3,產生當日銷帳媒體檔,N,"1","1","1","3","301",BT105.SCHED.I,ST1_7,N,,N,"2",BT105,SCHED,FSAP-BATCH,,,"1",5,ST1_7,2025-06-20 13:39:21.339,admin,2025-09-03 18:41:36.133,W
PR-20250710-155158-337067,NCL_CREAUO,每日07:00友達JSON格式銷帳檔，每系統日傳送前一日資料,N,"1","1","1","3","301",FSAP-BATCH,ST1_7,N,,N,"2",FSAP-BATCH,BATCH,子流程,,,"1",2,ST1_7,2025-07-10 15:51:58.746,st1_7,2025-11-04 09:44:09.686,W
PR-20250212-142919-388972,NCL_CONVFILE,PUTF轉檔,N,"1","1","1","3","302",BT001.BT200.I,ST1_7,N,,N,"2",BT001,BT200,NCL-BATCH,,,"1",5,ST1_1,2025-02-12 14:29:19.956,BT01,2025-09-04 10:00:41.309,W
PR-20250414-115532-195358,OL_A8121COMP,A8121COMP,N,"1","1","1","3","301",BT001.BT200.I,admin,N,"1",N,"2",BT001,BT200,FSAP-COMMON-SERVICE,,,"1",1,hanna,2025-04-14 11:55:32.385,admin,2025-09-03 18:51:21.181,W
PR-20250813-132044-004473,NCL_TYPH,颱風天,N,"1","1","1","3","302",C7512.FILE.I,ST1_1,N,,N,"2",C7512,FILE,FAS,,,"1",1,st1_1,2025-08-13 13:20:44.217,ST1_7,2025-12-24 17:14:39.129,W
PR-20251017-174415-846821,NCL_CLU08_DAILY,信義分行主辦票交所代收中華電信費FCS業務(每日早上7點),N,"1","1","1","3","301",BT105.SCHED.I,ST1_7,N,,N,"2",BT105,SCHED,FSAP-BATCH,,,"1",1,st1_7,2025-10-17 17:44:15.558,st1_7,2025-10-17 17:54:53.533,W
PR-20251226-164940-861908,FAS_A0655,產生FAS分錄清單檔,N,"4","1","1","3","303",BT001.DUEIN.I,ST1_1,N,,N,"2",BT001,DUEIN,FSAP-ADMIN,,,"1",2,ST1_1,2025-12-26 16:49:40.179,admin,2025-12-30 18:20:23.659,N
PR-20250514-122008-926234,NCL_XPUTF,ATM-保單借款,N,"1","1","1","3","301",BT105.SCHED.I,ST1_1,N,,N,"2",BT105,SCHED,FSAP-BATCH,,,"1",3,ST1_4,2025-05-14 12:20:08.575,admin,2025-09-03 18:51:08.630,W
PR-20240820-185351-873641,FAS_BIO,FAS_BIO,B,"3","1","1","3","302",BT001.DUEIN.I,"106348",N,,N,"2",BT001,DUEIN,FSAP-BATCH,,,"1",4,apple,2024-08-20 18:53:51.628,BT01,2025-12-31 11:17:50.164,C
PR-20251217-175251-770766,BIS_FCL023,外部代收補印入帳報表,N,"2","1","1","3","304",BT001.G2017.I,ST1_1,N,,N,"2",BT001,G2017,NCB,,,"1",1,ST1_1,2025-12-17 17:52:51.297,admin,2025-12-17 17:59:01.246,W
PR-20250825-165025-547474,BIS_FCL022,外部代收印入帳報表、入帳,N,"2","1","1","3","304",BT001.G2017.I,admin,N,,N,"2",BT001,G2017,NCB,,,"1",1,admin,2025-08-25 16:50:25.440,admin,2025-09-03 18:35:09.822,W
PR-20250619-162428-259705,BIO_RESULT_FILE,重新產生結果檔,N,"4","1","1","3","303",BT001.DUEIN.I,admin,N,,N,"2",BT001,DUEIN,NCL-BATCH,,,"1",1,admin,2025-06-19 16:24:28.394,BT01,2025-09-08 11:53:57.751,W
PR-20250506-100302-520637,NCL_DWL,FAS下傳檔案,N,"1","1","1","3","304",C7512.FCL.I,ST1_1,N,,N,"2",C7512,FCL,FAS,,,"1",2,ST1_1,2025-05-06 10:03:02.440,admin,2025-09-03 18:43:48.208,W
PR-20251014-151214-063301,TF001_CLBAF_SP,同步NCL_CLBAF,N,"1","1","1","3","302",FSAP-BATCH,ST1_1,N,,N,"2",FSAP-BATCH,BATCH,子流程,,,"1",1,ST1_1,2025-10-14 15:12:14.884,ST1_1,2025-10-14 15:17:35.694,W
PR-20250714-164241-846340,NCL_EAIFILE,"EAI取檔(主動取檔,流程失敗為正常)",N,"1","1","1","3","302",BT001.BT200.I,ST1_7,N,,N,"2",BT001,BT200,,,,"1",4,ST1_7,2025-07-14 16:42:41.925,ST1_1,2026-01-16 10:35:43.169,N
PR-20251117-173434-503224,G61S2,全行代理收付業務G61S2,N,C0001,"1","1","1","102",,KENT,N,,N,"1",,,,,,"1",1,ST1_4,2025-11-17 17:34:34.245,ST1_4,2025-11-17 17:34:34.245,
PR-20251020-182024-171415,G61S1,G61S1單顆節點沖正流程,C,C0001,"1","1","1","101",,christine,N,,N,"1",,,,,,"1",1,christine,2025-10-20 18:20:24.282,christine,2025-10-20 18:20:24.282,
PR-20241030-104008-072677,V6706,EAI-FXML-它種憑證使用轉出帳號約,N,C0001,"1","1","1","101",,"105706",N,,N,"1",,,,,,"1",1,ST1_4,2024-10-30 10:40:08.072,ST1_4,2024-10-30 10:40:08.072,N
PR-20241029-173418-039659,V6702,憑証申請約定轉帳申請,N,C0001,"1","1","1","101",,"105706",N,,N,"1",,,,,,"1",1,ST1_4,2024-10-29 17:34:18.589,ST1_4,2024-10-29 17:34:18.589,N
PR-20240723-091213-676781,A98,部門結帳作業,N,C0001,"1","1","4","401",,KENT,N,,N,"1",,,,,,"1",1,carol,2024-07-23 09:12:13.053,carol,2024-07-23 09:12:28.581,N
PR-20240722-175323-648723,A99,分行總結作業,N,C0001,"1","1","4","401",,KENT,N,,N,"1",,,,,,"1",1,carol,2024-07-22 17:53:23.587,carol,2024-07-22 18:07:40.272,N
PR-20251106-101140-179942,K50,K50支存連線變更,N,C0001,"1","1","1","101",,admin,N,,N,"1",,,,,,"1",1,admin,2025-11-06 10:11:40.763,admin,2025-11-06 10:47:06.496,
PR-20241028-110145-971539,G5601,客戶授權繳款登錄,N,C0001,"1","1","1","102",,"105706",N,,N,"1",,,,,,"1",1,st1_4,2024-10-28 11:01:45.174,st1_4,2024-10-28 11:01:45.174,N
PR-20251110-170335-700452,P1852,P1852黃金存摺變更,N,C0001,"1","1","1","101",,admin,N,,N,"1",,,,,,"1",1,admin,2025-11-10 17:03:35.495,"160296",2025-11-20 18:15:26.808,
PR-20241226-100401-741509,P0001,證卷餘額不足查詢,N,C0001,"2","1","1","101",,BT01,N,,N,"1",,,,,,"1",1,hanna,2024-12-26 10:04:01.303,hanna,2024-12-26 10:04:01.303,
PR-20241028-143126-979237,R30,跨行匯入匯款程式,N,C0001,"1","1","1","101",,"105706",N,,N,"1",,,,,,"1",1,ST1_4,2024-10-28 14:31:26.584,st1_1,2024-12-10 13:57:57.878,N
PR-20240814-115835-619084,G0129,金融服務應用平台-分行總帳明細查詢,N,C0001,"2","1","1","102",,KENT,N,,N,"1",,,,,,"1",1,ST1_2,2024-08-14 11:58:35.670,ST1_2,2024-08-14 11:58:35.670,N
PR-20240814-115537-618940,G0128,金融服務應用平台-分行總帳查詢,N,C0001,"2","1","1","101",,KENT,N,,N,"1",,,,,,"1",1,ST1_2,2024-08-14 11:55:37.367,ST1_2,2024-08-14 11:55:37.367,N
PR-20251028-170937-531497,OA011S00,歸戶整批_發查舊身分證統一編號對應資訊,N,C0001,"2","1","1","101",,admin,N,,N,"1",,,,,,"1",1,admin,2025-10-28 17:09:37.630,"160296",2025-11-26 18:59:20.001,
PR-20240523-165039-730481,G0127,未完成交易明細查詢,N,S0001,"2","2","1","101",,KENT,N,,N,"1",,,,,,"1",1,KENT,2024-05-23 16:50:39.476,christine,2025-05-23 10:45:27.886,N
PR-20251028-170052-530363,OA011S01,歸戶整批_舊身分證統一編號查詢,N,C0001,"2","1","1","101",,admin,N,,N,"1",,,,,,"1",1,admin,2025-10-28 17:00:52.866,admin,2025-10-28 17:00:52.866,
PR-20240425-112540-968248,G0126,RIM查詢流程,N,S0001,"2","2","1","101",,KENT,N,,N,"1",,,,,,"1",1,carol,2024-04-25 11:25:40.547,KENT,2024-07-01 15:25:54.002,N
PR-20250421-163652-611064,A8121CMP,A8121補償機制的狀態值更新,N,C0001,"1","1","5","501",,admin,N,,N,"1",,,,,,"1",1,hanna,2025-04-21 16:36:52.939,hanna,2025-04-21 16:36:52.939,
PR-20260106-115801-005339,G0120,灰名單約定帳號查詢,N,C0001,"2","1","1","101",,KENT,N,,N,"1",,,,,,"1",1,st1_4,2026-01-06 11:58:01.635,st1_4,2026-01-06 11:58:01.635,
PR-20240930-123325-733057,G2020,共用整批單筆更正,N,C0001,"1","1","1","101",,una,N,,Y,"1",,,,,,"1",1,admin,2024-09-30 12:33:25.787,admin,2024-10-21 18:04:47.049,N
PR-20251106-120152-194902,OA011S03,歸戶整批_新身分證統一編號變更結果查詢,N,C0001,"2","1","1","101",,admin,N,,N,"1",,,,,,"1",1,admin,2025-11-06 12:01:52.830,admin,2025-11-06 12:01:52.830,
PR-20251106-120714-195802,OA011S04,歸戶整批_舊身分證統一編號未完成查詢,N,C0001,"2","1","1","101",,admin,N,,N,"1",,,,,,"1",1,admin,2025-11-06 12:07:14.410,admin,2025-11-06 12:07:14.410,
PR-20240812-101951-534529,G6141,連線代收兌付支付支票,N,C0001,"1","1","1","102",,KENT,N,,N,"1",,,"1",,,"1",1,ST1_2,2024-08-12 10:19:51.050,"00602",2026-02-09 12:17:57.589,N
PR-20250401-181601-035470,G61PAY,連線代收兌付支付,N,C0001,"1","1","2","201",,KENT,N,,N,"1",,,"1",,,"1",1,st1_4,2025-04-01 18:16:01.212,"00602",2026-02-09 12:19:00.328,
PR-20241205-140335-137548,V6403,電子銀行約定轉出帳號,N,C0001,"1","1","1","101",,"105706",N,,N,"1",,,,,,"1",1,ST1_1,2024-12-05 14:03:35.716,ST1_1,2024-12-05 14:03:35.716,
PR-20240513-175337-439333,G62,全行代理收付業務-代收付主檔維護,N,C0001,"1","1","1","102",,KENT,N,,N,"1",,,"1",,,"1",1,kent,2024-05-13 17:53:37.587,"00602",2026-02-09 12:18:37.167,N
PR-20241030-115342-076967,V6402,電子銀行約定轉出帳號,N,C0001,"1","1","1","101",,"105706",N,,N,"1",,,,,,"1",1,ST1_4,2024-10-30 11:53:42.525,ST1_1,2024-12-02 15:52:24.009,N
PR-20240701-105845-822611,G61,G61,N,C0001,"1","1","2","201",,"106346",N,,N,"1",,,"1",,,"1",1,"106346",2024-07-01 10:58:45.871,st1_4,2026-03-05 11:11:17.950,N
PR-20240514-144740-463158,G6300,全行代理收付業務-解除軋帳,N,C0001,"1","1","1","101",,KENT,N,,N,"1",,,"1",,,"1",1,KENT,2024-05-14 14:47:40.057,"00602",2026-02-09 12:17:28.496,N
PR-20251230-113317-115766,A0655,分錄清單查詢,N,C0001,"2","1","1","101",,admin,N,,N,"1",,,,,,"1",1,ST1_1,2025-12-30 11:33:17.040,ST1_1,2025-12-30 11:33:17.040,
PR-20241030-120755-078187,V6406,V6406,N,C0001,"1","1","1","101",,"105706",N,,N,"1",,, ,,,"1",1,ST1_4,2024-10-30 12:07:55.755,ST1_4,2025-10-30 16:06:17.487,N
PR-20251028-180849-556741,OA012S00,歸戶整批_整批變更V0161,N,C0001,"1","1","1","101",,admin,N,,N,"1",,,,,,"1",1,admin,2025-10-28 18:08:49.209,admin,2025-11-20 18:14:19.214,
PR-20240930-122542-732439,G2019,新共用整批下傳,N,C0001,"2","1","1","101",,una,N,,N,"1",,,,,,"1",1,admin,2024-09-30 12:25:42.209,admin,2024-09-30 12:28:06.525,N
PR-20251028-180334-555172,OA012S02,歸戶整批_整批變更,N,C0001,"1","1","1","101",,admin,N,,N,"1",,,,,,"1",1,admin,2025-10-28 18:03:34.820,admin,2025-11-06 11:58:48.313,
PR-20240830-174633-311539,G2018,新共用整批上傳放行,N,C0001,"1","1","1","101",,hanna,N,,N,"1",,,,,,"1",1,hanna,2024-08-30 17:46:33.445,admin,2024-11-18 18:09:10.672,N
PR-20240830-165805-309587,G2017,新用共整批上傳,N,C0001,"1","1","1","101",,hanna,N,,N,"1",,,,,,"1",1,hanna,2024-08-30 16:58:05.887,hanna,2024-08-30 16:58:05.887,N
PR-20241028-103000-970030,G0112,G2002調RIM交易　的,N,C0001,"2","1","1","101",,"105706",N,,N,"1",,,,,,"1",1,st1_4,2024-10-28 10:30:00.265,"106346",2024-12-16 11:11:41.189,N
PR-20240513-104225-428480,G2098,G2098_測試快速通道查詢,N,C0001,"2","2","2","202",,KENT,N,,N,"1",,,,,,"1",1,KENT,2024-05-13 10:42:25.183,christine,2025-10-20 18:28:23.469,N
PR-20240117-114258-524780,C71,C71換日及批次檔案處理,N,C0001,"1","1","4","401",,KENT,N,,N,"1",,,,,N,"1",1,KENT,2024-01-18 11:42:58.000,christine,2025-06-09 18:25:41.224,N
PR-20251117-172647-502314,G2097,NCL更新FAS洗錢防治資料庫,N,C0001,"1","1","1","102",,KENT,N,,N,"1",,,,,,"1",1,ST1_4,2025-11-17 17:26:47.265,ST1_4,2025-11-17 17:26:47.265,
PR-20240711-141127-211175,P94,P94,N,C0001,"1","1","2","201",,"152323",N,,N,"1",,,"1",,,"1",1,"152323",2024-07-11 14:11:27.956,ST1_4,2026-03-02 14:57:03.753,N
PR-20250424-100837-888601,NOTIFQRY,提供NOTIFY查詢訊息通知資訊,N,C0001,"2","2","1","101",,admin,N,,N,"1",,,,,,"1",1,admin,2025-04-24 10:08:37.962,admin,2025-05-06 16:29:05.267,
PR-20240918-142945-192988,G0109,Controller-G0109共用訊息,N,C0001,"2","1","1","101",,admin,N,,N,"1",,,,,,"1",1,admin,2024-09-18 14:29:45.735,admin,2024-11-08 10:14:55.984,N
PR-20250731-184815-082029,P10,一般支取-臨櫃EXPTP,N,C0001,"1","1","1","102",,KENT,N,,Y,"1",,,,,,"1",1,ST1_4,2025-07-31 18:48:15.219,ST1_4,2025-08-01 09:30:02.718,
PR-20240704-171851-009872,G0106,共用整批上傳清單查詢,N,C0001,"2","1","1","101",,KENT,N,,N,"1",,,,,,"1",1,KENT,2024-07-04 17:18:51.857,KENT,2024-07-08 15:05:07.769,N
PR-20240515-181434-501487,G0067,代收比對虛擬分戶資料查詢,N,C0001,"2","1","1","101",,KENT,N,,N,"1",,,,,,"1",1,kent,2024-05-15 18:14:34.345,"00602",2026-03-11 15:29:50.153,N
PR-20240701-153843-829171,G2002,G2002約定扣繳帳號維護,N,C0001,"1","1","1","102",,KENT,N,,N,"1",,,,,,"1",1,KENT,2024-07-01 15:38:43.124,ST1_3,2024-07-23 14:42:40.427,N
PR-20240510-142952-353861,G0065,報核聯需送回稽徵機關查詢清單,N,C0001,"2","2","1","101",,KENT,N,,N,"1",,,,,,"1",1,KENT,2024-05-10 14:29:52.493,KENT,2024-05-10 14:29:52.493,N
PR-20240430-153838-169901,G0064,全行代理收付業務-明細資料查詢,N,C0001,"2","2","1","101",,KENT,N,,N,"1",,,,,,"1",1,kent,2024-04-30 15:38:38.880,ST1_4,2025-10-30 16:00:22.673,N
PR-20240514-142647-462422,G0063,全行代理收付業務-日終軋帳,N,C0001,"1","1","1","102",,KENT,N,,N,"1",,,"1",,,"1",1,KENT,2024-05-14 14:26:47.819,"00602",2026-02-09 12:18:19.492,N
PR-20240515-174144-499704,G0062,代理收付業務-軋帳查詢(中),N,C0001,"2","1","1","101",,KENT,N,,N,"1",,,,,,"1",1,kent,2024-05-15 17:41:44.146,ST1_2,2024-07-23 11:24:17.019,N
